{"cameraMode":{"drawMode":0,"name":"Shaded","section":"Shading Mode"},"sceneLighting":false,"audioPlay":false,"sceneViewState":{"showFog":true,"showMaterialUpdate":false,"showSkybox":true,"showFlares":true,"showImageEffects":true,"showParticleSystems":true},"in2DMode":false,"pivot":{"x":19.877948760986329,"y":-4.564949989318848,"z":5.424802303314209},"rotation":{"x":-0.12224014103412628,"y":-0.6419885754585266,"z":0.10436427593231201,"w":-0.7498505115509033},"size":10.219568252563477,"orthographic":false}